FILE_TYPE_ID	FILE_DESC	FILE_MIME	FILE_EXTENSION	UPDATED_ON	UPDATED_BY
90	Computer Graphics Metafile	image/cgm	.cgm	2015/10/09 10:09:43.000000000	F_EMMPER
91	CoolTalk	x-conference/x-cooltalk	.ice	2015/10/09 10:09:43.000000000	F_EMMPER
92	Corel Metafile Exchange (CMX)	image/x-cmx	.cmx	2015/10/09 10:09:43.000000000	F_EMMPER
93	CorelXARA	application/vnd.xara	.xar	2015/10/09 10:09:43.000000000	F_EMMPER
94	CosmoCaller	application/vnd.cosmocaller	.cmc	2015/10/09 10:09:43.000000000	F_EMMPER
95	CPIO Archive	application/x-cpio	.cpio	2015/10/09 10:09:44.000000000	F_EMMPER
96	CrickSoftware - Clicker	application/vnd.crick.clicker	.clkx	2015/10/09 10:09:44.000000000	F_EMMPER
97	CrickSoftware - Clicker - Keyboard	application/vnd.crick.clicker.keyboard	.clkk	2015/10/09 10:09:44.000000000	F_EMMPER
98	CrickSoftware - Clicker - Palette	application/vnd.crick.clicker.palette	.clkp	2015/10/09 10:09:44.000000000	F_EMMPER
99	CrickSoftware - Clicker - Template	application/vnd.crick.clicker.template	.clkt	2015/10/09 10:09:44.000000000	F_EMMPER
100	CrickSoftware - Clicker - Wordbank	application/vnd.crick.clicker.wordbank	.clkw	2015/10/09 10:09:44.000000000	F_EMMPER
101	Critical Tools - PERT Chart EXPERT	application/vnd.criticaltools.wbs+xml	.wbs	2015/10/09 10:09:44.000000000	F_EMMPER
102	CryptoNote	application/vnd.rig.cryptonote	.cryptonote	2015/10/09 10:09:44.000000000	F_EMMPER
103	Crystallographic Interchange Format	chemical/x-cif	.cif	2015/10/09 10:09:44.000000000	F_EMMPER
104	CrystalMaker Data Format	chemical/x-cmdf	.cmdf	2015/10/09 10:09:44.000000000	F_EMMPER
105	CU-SeeMe	application/cu-seeme	.cu	2015/10/09 10:09:44.000000000	F_EMMPER
106	CU-Writer	application/prs.cww	.cww	2015/10/09 10:09:44.000000000	F_EMMPER
107	Curl - Applet	text/vnd.curl	.curl	2015/10/09 10:09:44.000000000	F_EMMPER
108	Curl - Detached Applet	text/vnd.curl.dcurl	.dcurl	2015/10/09 10:09:44.000000000	F_EMMPER
109	Curl - Manifest File	text/vnd.curl.mcurl	.mcurl	2015/10/09 10:09:44.000000000	F_EMMPER
110	Curl - Source Code	text/vnd.curl.scurl	.scurl	2015/10/09 10:09:44.000000000	F_EMMPER
111	CURL Applet	application/vnd.curl.car	.car	2015/10/09 10:09:44.000000000	F_EMMPER
112	CURL Applet	application/vnd.curl.pcurl	.pcurl	2015/10/09 10:09:44.000000000	F_EMMPER
113	CustomMenu	application/vnd.yellowriver-custom-menu	.cmp	2015/10/09 10:09:44.000000000	F_EMMPER
114	Data Structure for the Security Suitability of Cryptographic Algorithms	application/dssc+der	.dssc	2015/10/09 10:09:44.000000000	F_EMMPER
115	Data Structure for the Security Suitability of Cryptographic Algorithms	application/dssc+xml	.xdssc	2015/10/09 10:09:44.000000000	F_EMMPER
116	Debian Package	application/x-debian-package	.deb	2015/10/09 10:09:44.000000000	F_EMMPER
117	DECE Audio	audio/vnd.dece.audio	.uva	2015/10/09 10:09:44.000000000	F_EMMPER
118	DECE Graphic	image/vnd.dece.graphic	.uvi	2015/10/09 10:09:44.000000000	F_EMMPER
119	DECE High Definition Video	video/vnd.dece.hd	.uvh	2015/10/09 10:09:44.000000000	F_EMMPER
120	DECE Mobile Video	video/vnd.dece.mobile	.uvm	2015/10/09 10:09:44.000000000	F_EMMPER
121	DECE MP4	video/vnd.uvvu.mp4	.uvu	2015/10/09 10:09:44.000000000	F_EMMPER
122	DECE PD Video	video/vnd.dece.pd	.uvp	2015/10/09 10:09:44.000000000	F_EMMPER
123	DECE SD Video	video/vnd.dece.sd	.uvs	2015/10/09 10:09:45.000000000	F_EMMPER
124	DECE Video	video/vnd.dece.video	.uvv	2015/10/09 10:09:45.000000000	F_EMMPER
125	Device Independent File Format (DVI)	application/x-dvi	.dvi	2015/10/09 10:09:45.000000000	F_EMMPER
126	Digital Siesmograph Networks - SEED Datafiles	application/vnd.fdsn.seed	.seed	2015/10/09 10:09:45.000000000	F_EMMPER
127	Digital Talking Book	application/x-dtbook+xml	.dtb	2015/10/09 10:09:45.000000000	F_EMMPER
128	Digital Talking Book - Resource File	application/x-dtbresource+xml	.res	2015/10/09 10:09:45.000000000	F_EMMPER
129	Digital Video Broadcasting	application/vnd.dvb.ait	.ait	2015/10/09 10:09:45.000000000	F_EMMPER
130	Digital Video Broadcasting	application/vnd.dvb.service	.svc	2015/10/09 10:09:45.000000000	F_EMMPER
131	Digital Winds Music	audio/vnd.digital-winds	.eol	2015/10/09 10:09:45.000000000	F_EMMPER
132	DjVu	image/vnd.djvu	.djvu	2015/10/09 10:09:45.000000000	F_EMMPER
133	Document Type Definition	application/xml-dtd	.dtd	2015/10/09 10:09:45.000000000	F_EMMPER
134	Dolby Meridian Lossless Packing	application/vnd.dolby.mlp	.mlp	2015/10/09 10:09:45.000000000	F_EMMPER
135	Doom Video Game	application/x-doom	.wad	2015/10/09 10:09:45.000000000	F_EMMPER
136	DPGraph	application/vnd.dpgraph	.dpg	2015/10/09 10:09:45.000000000	F_EMMPER
137	DRA Audio	audio/vnd.dra	.dra	2015/10/09 10:09:45.000000000	F_EMMPER
138	DreamFactory	application/vnd.dreamfactory	.dfac	2015/10/09 10:09:45.000000000	F_EMMPER
139	DTS Audio	audio/vnd.dts	.dts	2015/10/09 10:09:45.000000000	F_EMMPER
140	DTS High Definition Audio	audio/vnd.dts.hd	.dtshd	2015/10/09 10:09:45.000000000	F_EMMPER
141	DWG Drawing	image/vnd.dwg	.dwg	2015/10/09 10:09:45.000000000	F_EMMPER
142	DynaGeo	application/vnd.dynageo	.geo	2015/10/09 10:09:45.000000000	F_EMMPER
143	ECMAScript	application/ecmascript	.es	2015/10/09 10:09:45.000000000	F_EMMPER
144	EcoWin Chart	application/vnd.ecowin.chart	.mag	2015/10/09 10:09:45.000000000	F_EMMPER
145	EDMICS 2000	image/vnd.fujixerox.edmics-mmr	.mmr	2015/10/09 10:09:45.000000000	F_EMMPER
146	EDMICS 2000	image/vnd.fujixerox.edmics-rlc	.rlc	2015/10/09 10:09:45.000000000	F_EMMPER
147	Efficient XML Interchange	application/exi	.exi	2015/10/09 10:09:45.000000000	F_EMMPER
148	EFI Proteus	application/vnd.proteus.magazine	.mgz	2015/10/09 10:09:45.000000000	F_EMMPER
149	Electronic Publication	application/epub+zip	.epub	2015/10/09 10:09:45.000000000	F_EMMPER
150	Email Message	message/rfc822	.eml	2015/10/09 10:09:45.000000000	F_EMMPER
151	Enliven Viewer	application/vnd.enliven	.nml	2015/10/09 10:09:46.000000000	F_EMMPER
152	Express by Infoseek	application/vnd.is-xpr	.xpr	2015/10/09 10:09:46.000000000	F_EMMPER
153	eXtended Image File Format (XIFF)	image/vnd.xiff	.xif	2015/10/09 10:09:46.000000000	F_EMMPER
154	Extensible Forms Description Language	application/vnd.xfdl	.xfdl	2015/10/09 10:09:46.000000000	F_EMMPER
155	Extensible MultiModal Annotation	application/emma+xml	.emma	2015/10/09 10:09:46.000000000	F_EMMPER
156	EZPix Secure Photo Album	application/vnd.ezpix-album	.ez2	2015/10/09 10:09:46.000000000	F_EMMPER
157	EZPix Secure Photo Album	application/vnd.ezpix-package	.ez3	2015/10/09 10:09:46.000000000	F_EMMPER
158	FAST Search & Transfer ASA	image/vnd.fst	.fst	2015/10/09 10:09:46.000000000	F_EMMPER
159	FAST Search & Transfer ASA	video/vnd.fvt	.fvt	2015/10/09 10:09:46.000000000	F_EMMPER
160	FastBid Sheet	image/vnd.fastbidsheet	.fbs	2015/10/09 10:09:46.000000000	F_EMMPER
161	FCS Express Layout Link	application/vnd.denovo.fcselayout-link	.fe_launch	2015/10/09 10:09:46.000000000	F_EMMPER
162	Flash Video	video/x-f4v	.f4v	2015/10/09 10:09:46.000000000	F_EMMPER
163	Flash Video	video/x-flv	.flv	2015/10/09 10:09:46.000000000	F_EMMPER
164	FlashPix	image/vnd.fpx	.fpx	2015/10/09 10:09:46.000000000	F_EMMPER
165	FlashPix	image/vnd.net-fpx	.npx	2015/10/09 10:09:46.000000000	F_EMMPER
166	FLEXSTOR	text/vnd.fmi.flexstor	.flx	2015/10/09 10:09:46.000000000	F_EMMPER
167	FLI/FLC Animation Format	video/x-fli	.fli	2015/10/09 10:09:46.000000000	F_EMMPER
168	FluxTime Clip	application/vnd.fluxtime.clip	.ftc	2015/10/09 10:09:46.000000000	F_EMMPER
169	Forms Data Format	application/vnd.fdf	.fdf	2015/10/09 10:09:46.000000000	F_EMMPER
170	Fortran Source File	text/x-fortran	.f	2015/10/09 10:09:46.000000000	F_EMMPER
171	FrameMaker Interchange Format	application/vnd.mif	.mif	2015/10/09 10:09:46.000000000	F_EMMPER
172	FrameMaker Normal Format	application/vnd.framemaker	.fm	2015/10/09 10:09:46.000000000	F_EMMPER
173	FreeHand MX	image/x-freehand	.fh	2015/10/09 10:09:46.000000000	F_EMMPER
174	Friendly Software Corporation	application/vnd.fsc.weblaunch	.fsc	2015/10/09 10:09:46.000000000	F_EMMPER
175	Frogans Player	application/vnd.frogans.fnc	.fnc	2015/10/09 10:09:46.000000000	F_EMMPER
176	Frogans Player	application/vnd.frogans.ltf	.ltf	2015/10/09 10:09:46.000000000	F_EMMPER
177	Fujitsu - Xerox 2D CAD Data	application/vnd.fujixerox.ddd	.ddd	2015/10/09 10:09:47.000000000	F_EMMPER
178	Fujitsu - Xerox DocuWorks	application/vnd.fujixerox.docuworks	.xdw	2015/10/09 10:09:47.000000000	F_EMMPER
179	Fujitsu - Xerox DocuWorks Binder	application/vnd.fujixerox.docuworks.binder	.xbd	2015/10/09 10:09:47.000000000	F_EMMPER
180	Fujitsu Oasys	application/vnd.fujitsu.oasys	.oas	2015/10/09 10:09:47.000000000	F_EMMPER
181	Fujitsu Oasys	application/vnd.fujitsu.oasys2	.oa2	2015/10/09 10:09:47.000000000	F_EMMPER
182	Fujitsu Oasys	application/vnd.fujitsu.oasys3	.oa3	2015/10/09 10:09:47.000000000	F_EMMPER
183	Fujitsu Oasys	application/vnd.fujitsu.oasysgp	.fg5	2015/10/09 10:09:47.000000000	F_EMMPER
184	Fujitsu Oasys	application/vnd.fujitsu.oasysprs	.bh2	2015/10/09 10:09:47.000000000	F_EMMPER
185	FutureSplash Animator	application/x-futuresplash	.spl	2015/10/09 10:09:47.000000000	F_EMMPER
357	Microsoft OneNote	application/onenote	.onetoc	2015/10/09 10:09:53.000000000	F_EMMPER
358	Microsoft PlayReady Ecosystem	audio/vnd.ms-playready.media.pya	.pya	2015/10/09 10:09:53.000000000	F_EMMPER
359	Microsoft PlayReady Ecosystem Video	video/vnd.ms-playready.media.pyv	.pyv	2015/10/09 10:09:53.000000000	F_EMMPER
360	Microsoft PowerPoint	application/vnd.ms-powerpoint	.ppt	2015/10/09 10:09:53.000000000	F_EMMPER
361	Microsoft PowerPoint - Add-in file	application/vnd.ms-powerpoint.addin.macroenabled.12	.ppam	2015/10/09 10:09:53.000000000	F_EMMPER
362	Microsoft PowerPoint - Macro-Enabled Open XML Slide	application/vnd.ms-powerpoint.slide.macroenabled.12	.sldm	2015/10/09 10:09:53.000000000	F_EMMPER
363	Microsoft PowerPoint - Macro-Enabled Presentation File	application/vnd.ms-powerpoint.presentation.macroenabled.12	.pptm	2015/10/09 10:09:53.000000000	F_EMMPER
364	Microsoft PowerPoint - Macro-Enabled Slide Show File	application/vnd.ms-powerpoint.slideshow.macroenabled.12	.ppsm	2015/10/09 10:09:53.000000000	F_EMMPER
365	Microsoft Project	application/vnd.ms-project	.mpp	2015/10/09 10:09:53.000000000	F_EMMPER
366	Microsoft Publisher	application/x-mspublisher	.pub	2015/10/09 10:09:53.000000000	F_EMMPER
367	Microsoft Schedule+	application/x-msschedule	.scd	2015/10/09 10:09:53.000000000	F_EMMPER
368	Microsoft Silverlight	application/x-silverlight-app	.xap	2015/10/09 10:09:53.000000000	F_EMMPER
369	Microsoft Trust UI Provider - Certificate Trust Link	application/vnd.ms-pki.stl	.stl	2015/10/09 10:09:53.000000000	F_EMMPER
370	Microsoft Trust UI Provider - Security Catalog	application/vnd.ms-pki.seccat	.cat	2015/10/09 10:09:53.000000000	F_EMMPER
371	Microsoft Visio	application/vnd.visio	.vsd	2015/10/09 10:09:53.000000000	F_EMMPER
372	Microsoft Windows Media	video/x-ms-wm	.wm	2015/10/09 10:09:53.000000000	F_EMMPER
373	Microsoft Windows Media Audio	audio/x-ms-wma	.wma	2015/10/09 10:09:53.000000000	F_EMMPER
374	Microsoft Windows Media Audio Redirector	audio/x-ms-wax	.wax	2015/10/09 10:09:54.000000000	F_EMMPER
375	Microsoft Windows Media Audio/Video Playlist	video/x-ms-wmx	.wmx	2015/10/09 10:09:54.000000000	F_EMMPER
376	Microsoft Windows Media Player Download Package	application/x-ms-wmd	.wmd	2015/10/09 10:09:54.000000000	F_EMMPER
377	Microsoft Windows Media Player Playlist	application/vnd.ms-wpl	.wpl	2015/10/09 10:09:54.000000000	F_EMMPER
378	Microsoft Windows Media Player Skin Package	application/x-ms-wmz	.wmz	2015/10/09 10:09:54.000000000	F_EMMPER
379	Microsoft Windows Media Video	video/x-ms-wmv	.wmv	2015/10/09 10:09:54.000000000	F_EMMPER
380	Microsoft Windows Media Video Playlist	video/x-ms-wvx	.wvx	2015/10/09 10:09:54.000000000	F_EMMPER
381	Microsoft Windows Metafile	application/x-msmetafile	.wmf	2015/10/09 10:09:54.000000000	F_EMMPER
382	Microsoft Windows Terminal Services	application/x-msterminal	.trm	2015/10/09 10:09:54.000000000	F_EMMPER
383	Microsoft Word	application/msword	.doc	2015/10/09 10:09:54.000000000	F_EMMPER
384	Microsoft Wordpad	application/x-mswrite	.wri	2015/10/09 10:09:54.000000000	F_EMMPER
385	Microsoft Works	application/vnd.ms-works	.wps	2015/10/09 10:09:54.000000000	F_EMMPER
386	Microsoft XAML Browser Application	application/x-ms-xbap	.xbap	2015/10/09 10:09:54.000000000	F_EMMPER
387	Microsoft XML Paper Specification	application/vnd.ms-xpsdocument	.xps	2015/10/09 10:09:54.000000000	F_EMMPER
388	MIDI - Musical Instrument Digital Interface	audio/midi	.mid	2015/10/09 10:09:54.000000000	F_EMMPER
389	MiniPay	application/vnd.ibm.minipay	.mpy	2015/10/09 10:09:54.000000000	F_EMMPER
390	MO:DCA-P	application/vnd.ibm.modcap	.afp	2015/10/09 10:09:54.000000000	F_EMMPER
391	Mobile Information Device Profile	application/vnd.jcp.javame.midlet-rms	.rms	2015/10/09 10:09:54.000000000	F_EMMPER
392	MobileTV	application/vnd.tmobile-livetv	.tmo	2015/10/09 10:09:54.000000000	F_EMMPER
393	Mobipocket	application/x-mobipocket-ebook	.prc	2015/10/09 10:09:54.000000000	F_EMMPER
394	Mobius Management Systems - Basket file	application/vnd.mobius.mbk	.mbk	2015/10/09 10:09:54.000000000	F_EMMPER
395	Mobius Management Systems - Distribution Database	application/vnd.mobius.dis	.dis	2015/10/09 10:09:54.000000000	F_EMMPER
396	Mobius Management Systems - Policy Definition Language File	application/vnd.mobius.plc	.plc	2015/10/09 10:09:54.000000000	F_EMMPER
397	Mobius Management Systems - Query File	application/vnd.mobius.mqy	.mqy	2015/10/09 10:09:54.000000000	F_EMMPER
398	Mobius Management Systems - Script Language	application/vnd.mobius.msl	.msl	2015/10/09 10:09:54.000000000	F_EMMPER
399	Mobius Management Systems - Topic Index File	application/vnd.mobius.txf	.txf	2015/10/09 10:09:54.000000000	F_EMMPER
400	Mobius Management Systems - UniversalArchive	application/vnd.mobius.daf	.daf	2015/10/09 10:09:54.000000000	F_EMMPER
401	mod_fly / fly.cgi	text/vnd.fly	.fly	2015/10/09 10:09:55.000000000	F_EMMPER
402	Mophun Certificate	application/vnd.mophun.certificate	.mpc	2015/10/09 10:09:55.000000000	F_EMMPER
403	Mophun VM	application/vnd.mophun.application	.mpn	2015/10/09 10:09:55.000000000	F_EMMPER
404	Motion JPEG 2000	video/mj2	.mj2	2015/10/09 10:09:55.000000000	F_EMMPER
405	MPEG Audio	audio/mpeg	.mpga	2015/10/09 10:09:55.000000000	F_EMMPER
406	MPEG Url	video/vnd.mpegurl	.mxu	2015/10/09 10:09:55.000000000	F_EMMPER
407	MPEG Video	video/mpeg	.mpeg	2015/10/09 10:09:55.000000000	F_EMMPER
408	MPEG-21	application/mp21	.m21	2015/10/09 10:09:55.000000000	F_EMMPER
409	MPEG-4 Audio	audio/mp4	.mp4a	2015/10/09 10:09:55.000000000	F_EMMPER
410	MPEG-4 Video	video/mp4	.mp4	2015/10/09 10:09:55.000000000	F_EMMPER
411	MPEG4	application/mp4	.mp4	2015/10/09 10:09:55.000000000	F_EMMPER
412	Multimedia Playlist Unicode	application/vnd.apple.mpegurl	.m3u8	2015/10/09 10:09:55.000000000	F_EMMPER
413	MUsical Score Interpreted Code Invented for the ASCII designation of Notation	application/vnd.musician	.mus	2015/10/09 10:09:55.000000000	F_EMMPER
414	Muvee Automatic Video Editing	application/vnd.muvee.style	.msty	2015/10/09 10:09:55.000000000	F_EMMPER
415	MXML	application/xv+xml	.mxml	2015/10/09 10:09:55.000000000	F_EMMPER
416	N-Gage Game Data	application/vnd.nokia.n-gage.data	.ngdat	2015/10/09 10:09:55.000000000	F_EMMPER
417	N-Gage Game Installer	application/vnd.nokia.n-gage.symbian.install	.n-gage	2015/10/09 10:09:55.000000000	F_EMMPER
418	Navigation Control file for XML (for ePub)	application/x-dtbncx+xml	.ncx	2015/10/09 10:09:55.000000000	F_EMMPER
419	Network Common Data Form (NetCDF)	application/x-netcdf	.nc	2015/10/09 10:09:55.000000000	F_EMMPER
420	neuroLanguage	application/vnd.neurolanguage.nlu	.nlu	2015/10/09 10:09:55.000000000	F_EMMPER
421	New Moon Liftoff/DNA	application/vnd.dna	.dna	2015/10/09 10:09:55.000000000	F_EMMPER
422	NobleNet Directory	application/vnd.noblenet-directory	.nnd	2015/10/09 10:09:55.000000000	F_EMMPER
423	NobleNet Sealer	application/vnd.noblenet-sealer	.nns	2015/10/09 10:09:55.000000000	F_EMMPER
424	NobleNet Web	application/vnd.noblenet-web	.nnw	2015/10/09 10:09:55.000000000	F_EMMPER
425	Nokia Radio Application - Preset	application/vnd.nokia.radio-preset	.rpst	2015/10/09 10:09:55.000000000	F_EMMPER
426	Nokia Radio Application - Preset	application/vnd.nokia.radio-presets	.rpss	2015/10/09 10:09:55.000000000	F_EMMPER
427	Notation3	text/n3	.n3	2015/10/09 10:09:55.000000000	F_EMMPER
428	Novadigm's RADIA and EDM products	application/vnd.novadigm.edm	.edm	2015/10/09 10:09:55.000000000	F_EMMPER
429	Novadigm's RADIA and EDM products	application/vnd.novadigm.edx	.edx	2015/10/09 10:09:56.000000000	F_EMMPER
430	Novadigm's RADIA and EDM products	application/vnd.novadigm.ext	.ext	2015/10/09 10:09:56.000000000	F_EMMPER
431	NpGraphIt	application/vnd.flographit	.gph	2015/10/09 10:09:56.000000000	F_EMMPER
432	Nuera ECELP 4800	audio/vnd.nuera.ecelp4800	.ecelp4800	2015/10/09 10:09:56.000000000	F_EMMPER
433	Nuera ECELP 7470	audio/vnd.nuera.ecelp7470	.ecelp7470	2015/10/09 10:09:56.000000000	F_EMMPER
434	Nuera ECELP 9600	audio/vnd.nuera.ecelp9600	.ecelp9600	2015/10/09 10:09:56.000000000	F_EMMPER
435	Office Document Architecture	application/oda	.oda	2015/10/09 10:09:56.000000000	F_EMMPER
436	Ogg	application/ogg	.ogx	2015/10/09 10:09:56.000000000	F_EMMPER
437	Ogg Audio	audio/ogg	.oga	2015/10/09 10:09:56.000000000	F_EMMPER
438	Ogg Video	video/ogg	.ogv	2015/10/09 10:09:56.000000000	F_EMMPER
439	OMA Download Agents	application/vnd.oma.dd2+xml	.dd2	2015/10/09 10:09:56.000000000	F_EMMPER
440	Open Document Text Web	application/vnd.oasis.opendocument.text-web	.oth	2015/10/09 10:09:56.000000000	F_EMMPER
441	Open eBook Publication Structure	application/oebps-package+xml	.opf	2015/10/09 10:09:56.000000000	F_EMMPER
186	FuzzySheet	application/vnd.fuzzysheet	.fzs	2015/10/09 10:09:47.000000000	F_EMMPER
187	G3 Fax Image	image/g3fax	.g3	2015/10/09 10:09:47.000000000	F_EMMPER
188	GameMaker ActiveX	application/vnd.gmx	.gmx	2015/10/09 10:09:47.000000000	F_EMMPER
189	Gen-Trix Studio	model/vnd.gtw	.gtw	2015/10/09 10:09:47.000000000	F_EMMPER
190	Genomatix Tuxedo Framework	application/vnd.genomatix.tuxedo	.txd	2015/10/09 10:09:47.000000000	F_EMMPER
191	GeoGebra	application/vnd.geogebra.file	.ggb	2015/10/09 10:09:47.000000000	F_EMMPER
192	GeoGebra	application/vnd.geogebra.tool	.ggt	2015/10/09 10:09:47.000000000	F_EMMPER
193	Geometric Description Language (GDL)	model/vnd.gdl	.gdl	2015/10/09 10:09:47.000000000	F_EMMPER
194	GeoMetry Explorer	application/vnd.geometry-explorer	.gex	2015/10/09 10:09:47.000000000	F_EMMPER
195	GEONExT and JSXGraph	application/vnd.geonext	.gxt	2015/10/09 10:09:47.000000000	F_EMMPER
196	GeoplanW	application/vnd.geoplan	.g2w	2015/10/09 10:09:47.000000000	F_EMMPER
197	GeospacW	application/vnd.geospace	.g3w	2015/10/09 10:09:47.000000000	F_EMMPER
198	Ghostscript Font	application/x-font-ghostscript	.gsf	2015/10/09 10:09:47.000000000	F_EMMPER
199	Glyph Bitmap Distribution Format	application/x-font-bdf	.bdf	2015/10/09 10:09:47.000000000	F_EMMPER
200	GNU Tar Files	application/x-gtar	.gtar	2015/10/09 10:09:47.000000000	F_EMMPER
201	GNU Texinfo Document	application/x-texinfo	.texinfo	2015/10/09 10:09:47.000000000	F_EMMPER
202	Gnumeric	application/x-gnumeric	.gnumeric	2015/10/09 10:09:47.000000000	F_EMMPER
203	Google Earth - KML	application/vnd.google-earth.kml+xml	.kml	2015/10/09 10:09:47.000000000	F_EMMPER
204	Google Earth - Zipped KML	application/vnd.google-earth.kmz	.kmz	2015/10/09 10:09:47.000000000	F_EMMPER
205	GrafEq	application/vnd.grafeq	.gqf	2015/10/09 10:09:48.000000000	F_EMMPER
206	Graphics Interchange Format	image/gif	.gif	2015/10/09 10:09:48.000000000	F_EMMPER
207	Graphviz	text/vnd.graphviz	.gv	2015/10/09 10:09:48.000000000	F_EMMPER
208	Groove - Account	application/vnd.groove-account	.gac	2015/10/09 10:09:48.000000000	F_EMMPER
209	Groove - Help	application/vnd.groove-help	.ghf	2015/10/09 10:09:48.000000000	F_EMMPER
210	Groove - Identity Message	application/vnd.groove-identity-message	.gim	2015/10/09 10:09:48.000000000	F_EMMPER
211	Groove - Injector	application/vnd.groove-injector	.grv	2015/10/09 10:09:48.000000000	F_EMMPER
212	Groove - Tool Message	application/vnd.groove-tool-message	.gtm	2015/10/09 10:09:48.000000000	F_EMMPER
213	Groove - Tool Template	application/vnd.groove-tool-template	.tpl	2015/10/09 10:09:48.000000000	F_EMMPER
214	Groove - Vcard	application/vnd.groove-vcard	.vcg	2015/10/09 10:09:48.000000000	F_EMMPER
215	H.261	video/h261	.h261	2015/10/09 10:09:48.000000000	F_EMMPER
216	H.263	video/h263	.h263	2015/10/09 10:09:48.000000000	F_EMMPER
217	H.264	video/h264	.h264	2015/10/09 10:09:48.000000000	F_EMMPER
218	Hewlett Packard Instant Delivery	application/vnd.hp-hpid	.hpid	2015/10/09 10:09:48.000000000	F_EMMPER
219	Hewlett-Packard's WebPrintSmart	application/vnd.hp-hps	.hps	2015/10/09 10:09:48.000000000	F_EMMPER
220	Hierarchical Data Format	application/x-hdf	.hdf	2015/10/09 10:09:48.000000000	F_EMMPER
221	Hit'n'Mix	audio/vnd.rip	.rip	2015/10/09 10:09:48.000000000	F_EMMPER
222	Homebanking Computer Interface (HBCI)	application/vnd.hbci	.hbci	2015/10/09 10:09:48.000000000	F_EMMPER
223	HP Indigo Digital Press - Job Layout Languate	application/vnd.hp-jlyt	.jlt	2015/10/09 10:09:48.000000000	F_EMMPER
224	HP Printer Command Language	application/vnd.hp-pcl	.pcl	2015/10/09 10:09:48.000000000	F_EMMPER
225	HP-GL/2 and HP RTL	application/vnd.hp-hpgl	.hpgl	2015/10/09 10:09:48.000000000	F_EMMPER
226	HV Script	application/vnd.yamaha.hv-script	.hvs	2015/10/09 10:09:48.000000000	F_EMMPER
227	HV Voice Dictionary	application/vnd.yamaha.hv-dic	.hvd	2015/10/09 10:09:48.000000000	F_EMMPER
228	HV Voice Parameter	application/vnd.yamaha.hv-voice	.hvp	2015/10/09 10:09:48.000000000	F_EMMPER
229	Hydrostatix Master Suite	application/vnd.hydrostatix.sof-data	.sfd-hdstx	2015/10/09 10:09:48.000000000	F_EMMPER
230	Hyperstudio	application/hyperstudio	.stk	2015/10/09 10:09:48.000000000	F_EMMPER
231	Hypertext Application Language	application/vnd.hal+xml	.hal	2015/10/09 10:09:48.000000000	F_EMMPER
232	HyperText Markup Language (HTML)	text/html	.html	2015/10/09 10:09:48.000000000	F_EMMPER
233	IBM DB2 Rights Manager	application/vnd.ibm.rights-management	.irm	2015/10/09 10:09:49.000000000	F_EMMPER
234	IBM Electronic Media Management System - Secure Container	application/vnd.ibm.secure-container	.sc	2015/10/09 10:09:49.000000000	F_EMMPER
235	iCalendar	text/calendar	.ics	2015/10/09 10:09:49.000000000	F_EMMPER
236	ICC profile	application/vnd.iccprofile	.icc	2015/10/09 10:09:49.000000000	F_EMMPER
237	Icon Image	image/x-icon	.ico	2015/10/09 10:09:49.000000000	F_EMMPER
238	igLoader	application/vnd.igloader	.igl	2015/10/09 10:09:49.000000000	F_EMMPER
239	Image Exchange Format	image/ief	.ief	2015/10/09 10:09:49.000000000	F_EMMPER
240	ImmerVision PURE Players	application/vnd.immervision-ivp	.ivp	2015/10/09 10:09:49.000000000	F_EMMPER
241	ImmerVision PURE Players	application/vnd.immervision-ivu	.ivu	2015/10/09 10:09:49.000000000	F_EMMPER
242	IMS Networks	application/reginfo+xml	.rif	2015/10/09 10:09:49.000000000	F_EMMPER
243	In3D - 3DML	text/vnd.in3d.3dml	.3dml	2015/10/09 10:09:49.000000000	F_EMMPER
244	In3D - 3DML	text/vnd.in3d.spot	.spot	2015/10/09 10:09:49.000000000	F_EMMPER
245	Initial Graphics Exchange Specification (IGES)	model/iges	.igs	2015/10/09 10:09:49.000000000	F_EMMPER
246	Interactive Geometry Software	application/vnd.intergeo	.i2g	2015/10/09 10:09:49.000000000	F_EMMPER
247	Interactive Geometry Software Cinderella	application/vnd.cinderella	.cdy	2015/10/09 10:09:49.000000000	F_EMMPER
248	Intercon FormNet	application/vnd.intercon.formnet	.xpw	2015/10/09 10:09:49.000000000	F_EMMPER
249	International Society for Advancement of Cytometry	application/vnd.isac.fcs	.fcs	2015/10/09 10:09:49.000000000	F_EMMPER
250	Internet Protocol Flow Information Export	application/ipfix	.ipfix	2015/10/09 10:09:49.000000000	F_EMMPER
251	Internet Public Key Infrastructure - Certificate	application/pkix-cert	.cer	2015/10/09 10:09:49.000000000	F_EMMPER
252	Internet Public Key Infrastructure - Certificate Management Protocole	application/pkixcmp	.pki	2015/10/09 10:09:49.000000000	F_EMMPER
253	Internet Public Key Infrastructure - Certificate Revocation Lists	application/pkix-crl	.crl	2015/10/09 10:09:49.000000000	F_EMMPER
254	Internet Public Key Infrastructure - Certification Path	application/pkix-pkipath	.pkipath	2015/10/09 10:09:49.000000000	F_EMMPER
255	IOCOM Visimeet	application/vnd.insors.igm	.igm	2015/10/09 10:09:49.000000000	F_EMMPER
256	IP Unplugged Roaming Client	application/vnd.ipunplugged.rcprofile	.rcprofile	2015/10/09 10:09:49.000000000	F_EMMPER
257	iRepository / Lucidoc Editor	application/vnd.irepository.package+xml	.irp	2015/10/09 10:09:49.000000000	F_EMMPER
258	J2ME App Descriptor	text/vnd.sun.j2me.app-descriptor	.jad	2015/10/09 10:09:49.000000000	F_EMMPER
259	Java Archive	application/java-archive	.jar	2015/10/09 10:09:49.000000000	F_EMMPER
260	Java Bytecode File	application/java-vm	.class	2015/10/09 10:09:49.000000000	F_EMMPER
261	Java Network Launching Protocol	application/x-java-jnlp-file	.jnlp	2015/10/09 10:09:50.000000000	F_EMMPER
262	Java Serialized Object	application/java-serialized-object	.ser	2015/10/09 10:09:50.000000000	F_EMMPER
263	Java Source File	text/x-java-source,java	.java	2015/10/09 10:09:50.000000000	F_EMMPER
264	JavaScript	application/javascript	.js	2015/10/09 10:09:50.000000000	F_EMMPER
265	JavaScript Object Notation (JSON)	application/json	.json	2015/10/09 10:09:50.000000000	F_EMMPER
266	Joda Archive	application/vnd.joost.joda-archive	.joda	2015/10/09 10:09:50.000000000	F_EMMPER
267	JPEG 2000 Compound Image File Format	video/jpm	.jpm	2015/10/09 10:09:50.000000000	F_EMMPER
268	JPEG Image	image/jpeg	.jpeg	2015/10/09 10:09:50.000000000	F_EMMPER
269	JPEG Image	image/jpeg	.jpg	2015/10/09 10:09:50.000000000	F_EMMPER
270	JPGVideo	video/jpeg	.jpgv	2015/10/09 10:09:50.000000000	F_EMMPER
271	Kahootz	application/vnd.kahootz	.ktz	2015/10/09 10:09:50.000000000	F_EMMPER
272	Karaoke on Chipnuts Chipsets	application/vnd.chipnuts.karaoke-mmd	.mmd	2015/10/09 10:09:50.000000000	F_EMMPER
273	KDE KOffice Office Suite - Karbon	application/vnd.kde.karbon	.karbon	2015/10/09 10:09:50.000000000	F_EMMPER
274	KDE KOffice Office Suite - KChart	application/vnd.kde.kchart	.chrt	2015/10/09 10:09:50.000000000	F_EMMPER
275	KDE KOffice Office Suite - Kformula	application/vnd.kde.kformula	.kfo	2015/10/09 10:09:50.000000000	F_EMMPER
276	KDE KOffice Office Suite - Kivio	application/vnd.kde.kivio	.flw	2015/10/09 10:09:50.000000000	F_EMMPER
277	KDE KOffice Office Suite - Kontour	application/vnd.kde.kontour	.kon	2015/10/09 10:09:50.000000000	F_EMMPER
278	KDE KOffice Office Suite - Kpresenter	application/vnd.kde.kpresenter	.kpr	2015/10/09 10:09:50.000000000	F_EMMPER
279	KDE KOffice Office Suite - Kspread	application/vnd.kde.kspread	.ksp	2015/10/09 10:09:50.000000000	F_EMMPER
280	KDE KOffice Office Suite - Kword	application/vnd.kde.kword	.kwd	2015/10/09 10:09:50.000000000	F_EMMPER
281	Kenamea App	application/vnd.kenameaapp	.htke	2015/10/09 10:09:50.000000000	F_EMMPER
282	Kidspiration	application/vnd.kidspiration	.kia	2015/10/09 10:09:50.000000000	F_EMMPER
283	Kinar Applications	application/vnd.kinar	.kne	2015/10/09 10:09:50.000000000	F_EMMPER
284	Kodak Storyshare	application/vnd.kodak-descriptor	.sse	2015/10/09 10:09:50.000000000	F_EMMPER
285	Laser App Enterprise	application/vnd.las.las+xml	.lasxml	2015/10/09 10:09:50.000000000	F_EMMPER
286	LaTeX	application/x-latex	.latex	2015/10/09 10:09:50.000000000	F_EMMPER
287	Life Balance - Desktop Edition	application/vnd.llamagraphics.life-balance.desktop	.lbd	2015/10/09 10:09:50.000000000	F_EMMPER
288	Life Balance - Exchange Format	application/vnd.llamagraphics.life-balance.exchange+xml	.lbe	2015/10/09 10:09:50.000000000	F_EMMPER
289	Lightspeed Audio Lab	application/vnd.jam	.jam	2015/10/09 10:09:50.000000000	F_EMMPER
290	Lotus 1-2-3	application/vnd.lotus-1-2-3	.123	2015/10/09 10:09:51.000000000	F_EMMPER
291	Lotus Approach	application/vnd.lotus-approach	.apr	2015/10/09 10:09:51.000000000	F_EMMPER
292	Lotus Freelance	application/vnd.lotus-freelance	.pre	2015/10/09 10:09:51.000000000	F_EMMPER
293	Lotus Notes	application/vnd.lotus-notes	.nsf	2015/10/09 10:09:51.000000000	F_EMMPER
294	Lotus Organizer	application/vnd.lotus-organizer	.org	2015/10/09 10:09:51.000000000	F_EMMPER
295	Lotus Screencam	application/vnd.lotus-screencam	.scm	2015/10/09 10:09:51.000000000	F_EMMPER
296	Lotus Wordpro	application/vnd.lotus-wordpro	.lwp	2015/10/09 10:09:51.000000000	F_EMMPER
297	Lucent Voice	audio/vnd.lucent.voice	.lvp	2015/10/09 10:09:51.000000000	F_EMMPER
298	M3U (Multimedia Playlist)	audio/x-mpegurl	.m3u	2015/10/09 10:09:51.000000000	F_EMMPER
299	M4v	video/x-m4v	.m4v	2015/10/09 10:09:51.000000000	F_EMMPER
300	Macintosh BinHex 4.0	application/mac-binhex40	.hqx	2015/10/09 10:09:51.000000000	F_EMMPER
301	MacPorts Port System	application/vnd.macports.portpkg	.portpkg	2015/10/09 10:09:51.000000000	F_EMMPER
302	MapGuide DBXML	application/vnd.osgeo.mapguide.package	.mgp	2015/10/09 10:09:51.000000000	F_EMMPER
303	MARC Formats	application/marc	.mrc	2015/10/09 10:09:51.000000000	F_EMMPER
304	MARC21 XML Schema	application/marcxml+xml	.mrcx	2015/10/09 10:09:51.000000000	F_EMMPER
305	Material Exchange Format	application/mxf	.mxf	2015/10/09 10:09:51.000000000	F_EMMPER
306	Mathematica Notebook Player	application/vnd.wolfram.player	.nbp	2015/10/09 10:09:51.000000000	F_EMMPER
307	Mathematica Notebooks	application/mathematica	.ma	2015/10/09 10:09:51.000000000	F_EMMPER
308	Mathematical Markup Language	application/mathml+xml	.mathml	2015/10/09 10:09:51.000000000	F_EMMPER
309	Mbox database files	application/mbox	.mbox	2015/10/09 10:09:51.000000000	F_EMMPER
310	MedCalc	application/vnd.medcalcdata	.mc1	2015/10/09 10:09:51.000000000	F_EMMPER
311	Media Server Control Markup Language	application/mediaservercontrol+xml	.mscml	2015/10/09 10:09:51.000000000	F_EMMPER
312	MediaRemote	application/vnd.mediastation.cdkey	.cdkey	2015/10/09 10:09:51.000000000	F_EMMPER
313	Medical Waveform Encoding Format	application/vnd.mfer	.mwf	2015/10/09 10:09:51.000000000	F_EMMPER
314	Melody Format for Mobile Platform	application/vnd.mfmp	.mfm	2015/10/09 10:09:51.000000000	F_EMMPER
315	Mesh Data Type	model/mesh	.msh	2015/10/09 10:09:51.000000000	F_EMMPER
316	Metadata Authority Description Schema	application/mads+xml	.mads	2015/10/09 10:09:51.000000000	F_EMMPER
317	Metadata Encoding and Transmission Standard	application/mets+xml	.mets	2015/10/09 10:09:51.000000000	F_EMMPER
318	Metadata Object Description Schema	application/mods+xml	.mods	2015/10/09 10:09:52.000000000	F_EMMPER
319	Metalink	application/metalink4+xml	.meta4	2015/10/09 10:09:52.000000000	F_EMMPER
320	Micosoft PowerPoint - Macro-Enabled Template File	application/vnd.ms-powerpoint.template.macroenabled.12	.potm	2015/10/09 10:09:52.000000000	F_EMMPER
321	Micosoft Word - Macro-Enabled Document	application/vnd.ms-word.document.macroenabled.12	.docm	2015/10/09 10:09:52.000000000	F_EMMPER
322	Micosoft Word - Macro-Enabled Template	application/vnd.ms-word.template.macroenabled.12	.dotm	2015/10/09 10:09:52.000000000	F_EMMPER
323	Micro CADAM Helix D&D	application/vnd.mcd	.mcd	2015/10/09 10:09:52.000000000	F_EMMPER
324	Micrografx	application/vnd.micrografx.flo	.flo	2015/10/09 10:09:52.000000000	F_EMMPER
325	Micrografx iGrafx Professional	application/vnd.micrografx.igx	.igx	2015/10/09 10:09:52.000000000	F_EMMPER
326	MICROSEC e-SzignÂ¢	application/vnd.eszigno3+xml	.es3	2015/10/09 10:09:52.000000000	F_EMMPER
327	Microsoft Access	application/x-msaccess	.mdb	2015/10/09 10:09:52.000000000	F_EMMPER
328	Microsoft Advanced Systems Format (ASF)	video/x-ms-asf	.asf	2015/10/09 10:09:52.000000000	F_EMMPER
329	Microsoft Application	application/x-msdownload	.exe	2015/10/09 10:09:52.000000000	F_EMMPER
330	Microsoft Artgalry	application/vnd.ms-artgalry	.cil	2015/10/09 10:09:52.000000000	F_EMMPER
331	Microsoft Cabinet File	application/vnd.ms-cab-compressed	.cab	2015/10/09 10:09:52.000000000	F_EMMPER
332	Microsoft Class Server	application/vnd.ms-ims	.ims	2015/10/09 10:09:52.000000000	F_EMMPER
333	Microsoft ClickOnce	application/x-ms-application	.application	2015/10/09 10:09:52.000000000	F_EMMPER
334	Microsoft Clipboard Clip	application/x-msclip	.clp	2015/10/09 10:09:52.000000000	F_EMMPER
335	Microsoft Document Imaging Format	image/vnd.ms-modi	.mdi	2015/10/09 10:09:52.000000000	F_EMMPER
336	Microsoft Embedded OpenType	application/vnd.ms-fontobject	.eot	2015/10/09 10:09:52.000000000	F_EMMPER
337	Microsoft Excel	application/vnd.ms-excel	.xls	2015/10/09 10:09:52.000000000	F_EMMPER
338	Microsoft Excel - Add-In File	application/vnd.ms-excel.addin.macroenabled.12	.xlam	2015/10/09 10:09:52.000000000	F_EMMPER
339	Microsoft Excel - Binary Workbook	application/vnd.ms-excel.sheet.binary.macroenabled.12	.xlsb	2015/10/09 10:09:52.000000000	F_EMMPER
340	Microsoft Excel - Macro-Enabled Template File	application/vnd.ms-excel.template.macroenabled.12	.xltm	2015/10/09 10:09:52.000000000	F_EMMPER
341	Microsoft Excel - Macro-Enabled Workbook	application/vnd.ms-excel.sheet.macroenabled.12	.xlsm	2015/10/09 10:09:52.000000000	F_EMMPER
342	Microsoft Html Help File	application/vnd.ms-htmlhelp	.chm	2015/10/09 10:09:52.000000000	F_EMMPER
343	Microsoft Information Card	application/x-mscardfile	.crd	2015/10/09 10:09:52.000000000	F_EMMPER
344	Microsoft Learning Resource Module	application/vnd.ms-lrm	.lrm	2015/10/09 10:09:52.000000000	F_EMMPER
345	Microsoft MediaView	application/x-msmediaview	.mvb	2015/10/09 10:09:52.000000000	F_EMMPER
346	Microsoft Money	application/x-msmoney	.mny	2015/10/09 10:09:53.000000000	F_EMMPER
347	Microsoft Office - OOXML - Presentation	application/vnd.openxmlformats-officedocument.presentationml.presentation	.pptx	2015/10/09 10:09:53.000000000	F_EMMPER
348	Microsoft Office - OOXML - Presentation (Slide)	application/vnd.openxmlformats-officedocument.presentationml.slide	.sldx	2015/10/09 10:09:53.000000000	F_EMMPER
349	Microsoft Office - OOXML - Presentation (Slideshow)	application/vnd.openxmlformats-officedocument.presentationml.slideshow	.ppsx	2015/10/09 10:09:53.000000000	F_EMMPER
350	Microsoft Office - OOXML - Presentation Template	application/vnd.openxmlformats-officedocument.presentationml.template	.potx	2015/10/09 10:09:53.000000000	F_EMMPER
351	Microsoft Office - OOXML - Spreadsheet	application/vnd.openxmlformats-officedocument.spreadsheetml.sheet	.xlsx	2015/10/09 10:09:53.000000000	F_EMMPER
352	Microsoft Office - OOXML - Spreadsheet Teplate	application/vnd.openxmlformats-officedocument.spreadsheetml.template	.xltx	2015/10/09 10:09:53.000000000	F_EMMPER
353	Microsoft Office - OOXML - Word Document	application/vnd.openxmlformats-officedocument.wordprocessingml.document	.docx	2015/10/09 10:09:53.000000000	F_EMMPER
354	Microsoft Office - OOXML - Word Document Template	application/vnd.openxmlformats-officedocument.wordprocessingml.template	.dotx	2015/10/09 10:09:53.000000000	F_EMMPER
355	Microsoft Office Binder	application/x-msbinder	.obd	2015/10/09 10:09:53.000000000	F_EMMPER
356	Microsoft Office System Release Theme	application/vnd.ms-officetheme	.thmx	2015/10/09 10:09:53.000000000	F_EMMPER
1	3D Crossword Plugin	application/vnd.hzn-3d-crossword	.x3d	2015/10/09 10:09:40.000000000	F_EMMPER
2	3GP	video/3gpp	.3gp	2015/10/09 10:09:40.000000000	F_EMMPER
3	3GP2	video/3gpp2	.3g2	2015/10/09 10:09:40.000000000	F_EMMPER
4	3GPP MSEQ File	application/vnd.mseq	.mseq	2015/10/09 10:09:40.000000000	F_EMMPER
5	3M Post It Notes	application/vnd.3m.post-it-notes	.pwn	2015/10/09 10:09:40.000000000	F_EMMPER
6	3rd Generation Partnership Project - Pic Large	application/vnd.3gpp.pic-bw-large	.plb	2015/10/09 10:09:40.000000000	F_EMMPER
7	3rd Generation Partnership Project - Pic Small	application/vnd.3gpp.pic-bw-small	.psb	2015/10/09 10:09:40.000000000	F_EMMPER
8	3rd Generation Partnership Project - Pic Var	application/vnd.3gpp.pic-bw-var	.pvb	2015/10/09 10:09:40.000000000	F_EMMPER
9	3rd Generation Partnership Project - Transaction Capabilities Application Part	application/vnd.3gpp2.tcap	.tcap	2015/10/09 10:09:40.000000000	F_EMMPER
10	7-Zip	application/x-7z-compressed	.7z	2015/10/09 10:09:40.000000000	F_EMMPER
11	AbiWord	application/x-abiword	.abw	2015/10/09 10:09:40.000000000	F_EMMPER
12	Ace Archive	application/x-ace-compressed	.ace	2015/10/09 10:09:40.000000000	F_EMMPER
13	Active Content Compression	application/vnd.americandynamics.acc	.acc	2015/10/09 10:09:41.000000000	F_EMMPER
14	ACU Cobol	application/vnd.acucobol	.acu	2015/10/09 10:09:41.000000000	F_EMMPER
15	ACU Cobol	application/vnd.acucorp	.atc	2015/10/09 10:09:41.000000000	F_EMMPER
16	Adaptive differential pulse-code modulation	audio/adpcm	.adp	2015/10/09 10:09:41.000000000	F_EMMPER
17	Adobe (Macropedia) Authorware - Binary File	application/x-authorware-bin	.aab	2015/10/09 10:09:41.000000000	F_EMMPER
18	Adobe (Macropedia) Authorware - Map	application/x-authorware-map	.aam	2015/10/09 10:09:41.000000000	F_EMMPER
19	Adobe (Macropedia) Authorware - Segment File	application/x-authorware-seg	.aas	2015/10/09 10:09:41.000000000	F_EMMPER
20	Adobe AIR Application	application/vnd.adobe.air-application-installer-package+zip	.air	2015/10/09 10:09:41.000000000	F_EMMPER
21	Adobe Flash	application/x-shockwave-flash	.swf	2015/10/09 10:09:41.000000000	F_EMMPER
22	Adobe Flex Project	application/vnd.adobe.fxp	.fxp	2015/10/09 10:09:41.000000000	F_EMMPER
23	Adobe Portable Document Format	application/pdf	.pdf	2015/10/09 10:09:41.000000000	F_EMMPER
24	Adobe PostScript Printer Description File Format	application/vnd.cups-ppd	.ppd	2015/10/09 10:09:41.000000000	F_EMMPER
25	Adobe Shockwave Player	application/x-director	.dir	2015/10/09 10:09:41.000000000	F_EMMPER
26	Adobe XML Data Package	application/vnd.adobe.xdp+xml	.xdp	2015/10/09 10:09:41.000000000	F_EMMPER
27	Adobe XML Forms Data Format	application/vnd.adobe.xfdf	.xfdf	2015/10/09 10:09:41.000000000	F_EMMPER
28	Advanced Audio Coding (AAC)	audio/x-aac	.aac	2015/10/09 10:09:41.000000000	F_EMMPER
29	Ahead AIR Application	application/vnd.ahead.space	.ahead	2015/10/09 10:09:41.000000000	F_EMMPER
30	AirZip FileSECURE	application/vnd.airzip.filesecure.azf	.azf	2015/10/09 10:09:41.000000000	F_EMMPER
31	AirZip FileSECURE	application/vnd.airzip.filesecure.azs	.azs	2015/10/09 10:09:41.000000000	F_EMMPER
32	Amazon Kindle eBook format	application/vnd.amazon.ebook	.azw	2015/10/09 10:09:41.000000000	F_EMMPER
33	AmigaDE	application/vnd.amiga.ami	.ami	2015/10/09 10:09:41.000000000	F_EMMPER
34	Andrew Toolkit	application/andrew-inset	N/A	2015/10/09 10:09:41.000000000	F_EMMPER
35	Android Package Archive	application/vnd.android.package-archive	.apk	2015/10/09 10:09:41.000000000	F_EMMPER
36	ANSER-WEB Terminal Client - Certificate Issue	application/vnd.anser-web-certificate-issue-initiation	.cii	2015/10/09 10:09:41.000000000	F_EMMPER
37	ANSER-WEB Terminal Client - Web Funds Transfer	application/vnd.anser-web-funds-transfer-initiation	.fti	2015/10/09 10:09:41.000000000	F_EMMPER
38	Antix Game Player	application/vnd.antix.game-component	.atx	2015/10/09 10:09:41.000000000	F_EMMPER
39	Apple Installer Package	application/vnd.apple.installer+xml	.mpkg	2015/10/09 10:09:41.000000000	F_EMMPER
40	Applixware	application/applixware	.aw	2015/10/09 10:09:42.000000000	F_EMMPER
41	Archipelago Lesson Player	application/vnd.hhe.lesson-player	.les	2015/10/09 10:09:42.000000000	F_EMMPER
42	Arista Networks Software Image	application/vnd.aristanetworks.swi	.swi	2015/10/09 10:09:42.000000000	F_EMMPER
43	Assembler Source File	text/x-asm	.s	2015/10/09 10:09:42.000000000	F_EMMPER
44	Atom Publishing Protocol	application/atomcat+xml	.atomcat	2015/10/09 10:09:42.000000000	F_EMMPER
45	Atom Publishing Protocol Service Document	application/atomsvc+xml	.atomsvc	2015/10/09 10:09:42.000000000	F_EMMPER
46	Atom Syndication Format	application/atom+xml	.atom	2015/10/09 10:09:42.000000000	F_EMMPER
47	Atom Syndication Format	application/atom+xml	.xml	2015/10/09 10:09:42.000000000	F_EMMPER
48	Attribute Certificate	application/pkix-attr-cert	.ac	2015/10/09 10:09:42.000000000	F_EMMPER
49	Audio Interchange File Format	audio/x-aiff	.aif	2015/10/09 10:09:42.000000000	F_EMMPER
50	Audio Video Interleave (AVI)	video/x-msvideo	.avi	2015/10/09 10:09:42.000000000	F_EMMPER
51	Audiograph	application/vnd.audiograph	.aep	2015/10/09 10:09:42.000000000	F_EMMPER
52	AutoCAD DXF	image/vnd.dxf	.dxf	2015/10/09 10:09:42.000000000	F_EMMPER
53	Autodesk Design Web Format (DWF)	model/vnd.dwf	.dwf	2015/10/09 10:09:42.000000000	F_EMMPER
54	BAS Partitur Format	text/plain-bas	.par	2015/10/09 10:09:42.000000000	F_EMMPER
55	Binary CPIO Archive	application/x-bcpio	.bcpio	2015/10/09 10:09:42.000000000	F_EMMPER
56	Binary Data	application/octet-stream	.bin	2015/10/09 10:09:42.000000000	F_EMMPER
57	Bitmap Image File	image/bmp	.bmp	2015/10/09 10:09:42.000000000	F_EMMPER
58	BitTorrent	application/x-bittorrent	.torrent	2015/10/09 10:09:42.000000000	F_EMMPER
59	Blackberry COD File	application/vnd.rim.cod	.cod	2015/10/09 10:09:42.000000000	F_EMMPER
60	Blueice Research Multipass	application/vnd.blueice.multipass	.mpm	2015/10/09 10:09:42.000000000	F_EMMPER
61	BMI Drawing Data Interchange	application/vnd.bmi	.bmi	2015/10/09 10:09:42.000000000	F_EMMPER
62	Bourne Shell Script	application/x-sh	.sh	2015/10/09 10:09:42.000000000	F_EMMPER
63	BTIF	image/prs.btif	.btif	2015/10/09 10:09:42.000000000	F_EMMPER
64	BusinessObjects	application/vnd.businessobjects	.rep	2015/10/09 10:09:42.000000000	F_EMMPER
65	Bzip Archive	application/x-bzip	.bz	2015/10/09 10:09:42.000000000	F_EMMPER
66	Bzip2 Archive	application/x-bzip2	.bz2	2015/10/09 10:09:42.000000000	F_EMMPER
67	C Shell Script	application/x-csh	.csh	2015/10/09 10:09:42.000000000	F_EMMPER
68	C Source File	text/x-c	.c	2015/10/09 10:09:43.000000000	F_EMMPER
69	CambridgeSoft Chem Draw	application/vnd.chemdraw+xml	.cdxml	2015/10/09 10:09:43.000000000	F_EMMPER
70	Cascading Style Sheets (CSS)	text/css	.css	2015/10/09 10:09:43.000000000	F_EMMPER
71	ChemDraw eXchange file	chemical/x-cdx	.cdx	2015/10/09 10:09:43.000000000	F_EMMPER
72	Chemical Markup Language	chemical/x-cml	.cml	2015/10/09 10:09:43.000000000	F_EMMPER
73	Chemical Style Markup Language	chemical/x-csml	.csml	2015/10/09 10:09:43.000000000	F_EMMPER
74	CIM Database	application/vnd.contact.cmsg	.cdbcmsg	2015/10/09 10:09:43.000000000	F_EMMPER
75	Claymore Data Files	application/vnd.claymore	.cla	2015/10/09 10:09:43.000000000	F_EMMPER
76	Clonk Game	application/vnd.clonk.c4group	.c4g	2015/10/09 10:09:43.000000000	F_EMMPER
77	Close Captioning - Subtitle	image/vnd.dvb.subtitle	.sub	2015/10/09 10:09:43.000000000	F_EMMPER
78	Cloud Data Management Interface (CDMI) - Capability	application/cdmi-capability	.cdmia	2015/10/09 10:09:43.000000000	F_EMMPER
79	Cloud Data Management Interface (CDMI) - Contaimer	application/cdmi-container	.cdmic	2015/10/09 10:09:43.000000000	F_EMMPER
80	Cloud Data Management Interface (CDMI) - Domain	application/cdmi-domain	.cdmid	2015/10/09 10:09:43.000000000	F_EMMPER
81	Cloud Data Management Interface (CDMI) - Object	application/cdmi-object	.cdmio	2015/10/09 10:09:43.000000000	F_EMMPER
82	Cloud Data Management Interface (CDMI) - Queue	application/cdmi-queue	.cdmiq	2015/10/09 10:09:43.000000000	F_EMMPER
83	ClueTrust CartoMobile - Config	application/vnd.cluetrust.cartomobile-config	.c11amc	2015/10/09 10:09:43.000000000	F_EMMPER
84	ClueTrust CartoMobile - Config Package	application/vnd.cluetrust.cartomobile-config-pkg	.c11amz	2015/10/09 10:09:43.000000000	F_EMMPER
85	CMU Image	image/x-cmu-raster	.ras	2015/10/09 10:09:43.000000000	F_EMMPER
86	COLLADA	model/vnd.collada+xml	.dae	2015/10/09 10:09:43.000000000	F_EMMPER
87	Comma-Seperated Values	text/csv	.csv	2015/10/09 10:09:43.000000000	F_EMMPER
88	Compact Pro	application/mac-compactpro	.cpt	2015/10/09 10:09:43.000000000	F_EMMPER
89	Compiled Wireless Markup Language (WMLC)	application/vnd.wap.wmlc	.wmlc	2015/10/09 10:09:43.000000000	F_EMMPER
442	Open Financial Exchange	application/vnd.intu.qbo	.qbo	2015/10/09 10:09:56.000000000	F_EMMPER
443	Open Office Extension	application/vnd.openofficeorg.extension	.oxt	2015/10/09 10:09:56.000000000	F_EMMPER
444	Open Score Format	application/vnd.yamaha.openscoreformat	.osf	2015/10/09 10:09:56.000000000	F_EMMPER
445	Open Web Media Project - Audio	audio/webm	.weba	2015/10/09 10:09:56.000000000	F_EMMPER
446	Open Web Media Project - Video	video/webm	.webm	2015/10/09 10:09:56.000000000	F_EMMPER
447	OpenDocument Chart	application/vnd.oasis.opendocument.chart	.odc	2015/10/09 10:09:56.000000000	F_EMMPER
448	OpenDocument Chart Template	application/vnd.oasis.opendocument.chart-template	.otc	2015/10/09 10:09:56.000000000	F_EMMPER
449	OpenDocument Database	application/vnd.oasis.opendocument.database	.odb	2015/10/09 10:09:56.000000000	F_EMMPER
450	OpenDocument Formula	application/vnd.oasis.opendocument.formula	.odf	2015/10/09 10:09:56.000000000	F_EMMPER
451	OpenDocument Formula Template	application/vnd.oasis.opendocument.formula-template	.odft	2015/10/09 10:09:56.000000000	F_EMMPER
452	OpenDocument Graphics	application/vnd.oasis.opendocument.graphics	.odg	2015/10/09 10:09:56.000000000	F_EMMPER
453	OpenDocument Graphics Template	application/vnd.oasis.opendocument.graphics-template	.otg	2015/10/09 10:09:56.000000000	F_EMMPER
454	OpenDocument Image	application/vnd.oasis.opendocument.image	.odi	2015/10/09 10:09:56.000000000	F_EMMPER
455	OpenDocument Image Template	application/vnd.oasis.opendocument.image-template	.oti	2015/10/09 10:09:56.000000000	F_EMMPER
456	OpenDocument Presentation	application/vnd.oasis.opendocument.presentation	.odp	2015/10/09 10:09:57.000000000	F_EMMPER
457	OpenDocument Presentation Template	application/vnd.oasis.opendocument.presentation-template	.otp	2015/10/09 10:09:57.000000000	F_EMMPER
458	OpenDocument Spreadsheet	application/vnd.oasis.opendocument.spreadsheet	.ods	2015/10/09 10:09:57.000000000	F_EMMPER
459	OpenDocument Spreadsheet Template	application/vnd.oasis.opendocument.spreadsheet-template	.ots	2015/10/09 10:09:57.000000000	F_EMMPER
460	OpenDocument Text	application/vnd.oasis.opendocument.text	.odt	2015/10/09 10:09:57.000000000	F_EMMPER
461	OpenDocument Text Master	application/vnd.oasis.opendocument.text-master	.odm	2015/10/09 10:09:57.000000000	F_EMMPER
462	OpenDocument Text Template	application/vnd.oasis.opendocument.text-template	.ott	2015/10/09 10:09:57.000000000	F_EMMPER
463	OpenGL Textures (KTX)	image/ktx	.ktx	2015/10/09 10:09:57.000000000	F_EMMPER
464	OpenOffice - Calc (Spreadsheet)	application/vnd.sun.xml.calc	.sxc	2015/10/09 10:09:57.000000000	F_EMMPER
465	OpenOffice - Calc Template (Spreadsheet)	application/vnd.sun.xml.calc.template	.stc	2015/10/09 10:09:57.000000000	F_EMMPER
466	OpenOffice - Draw (Graphics)	application/vnd.sun.xml.draw	.sxd	2015/10/09 10:09:57.000000000	F_EMMPER
467	OpenOffice - Draw Template (Graphics)	application/vnd.sun.xml.draw.template	.std	2015/10/09 10:09:57.000000000	F_EMMPER
468	OpenOffice - Impress (Presentation)	application/vnd.sun.xml.impress	.sxi	2015/10/09 10:09:57.000000000	F_EMMPER
469	OpenOffice - Impress Template (Presentation)	application/vnd.sun.xml.impress.template	.sti	2015/10/09 10:09:57.000000000	F_EMMPER
470	OpenOffice - Math (Formula)	application/vnd.sun.xml.math	.sxm	2015/10/09 10:09:57.000000000	F_EMMPER
471	OpenOffice - Writer (Text - HTML)	application/vnd.sun.xml.writer	.sxw	2015/10/09 10:09:57.000000000	F_EMMPER
472	OpenOffice - Writer (Text - HTML)	application/vnd.sun.xml.writer.global	.sxg	2015/10/09 10:09:57.000000000	F_EMMPER
473	OpenOffice - Writer Template (Text - HTML)	application/vnd.sun.xml.writer.template	.stw	2015/10/09 10:09:57.000000000	F_EMMPER
474	OpenType Font File	application/x-font-otf	.otf	2015/10/09 10:09:57.000000000	F_EMMPER
475	OSFPVG	application/vnd.yamaha.openscoreformat.osfpvg+xml	.osfpvg	2015/10/09 10:09:57.000000000	F_EMMPER
476	OSGi Deployment Package	application/vnd.osgi.dp	.dp	2015/10/09 10:09:57.000000000	F_EMMPER
477	PalmOS Data	application/vnd.palm	.pdb	2015/10/09 10:09:57.000000000	F_EMMPER
478	Pascal Source File	text/x-pascal	.p	2015/10/09 10:09:57.000000000	F_EMMPER
479	PawaaFILE	application/vnd.pawaafile	.paw	2015/10/09 10:09:57.000000000	F_EMMPER
480	PCL 6 Enhanced (Formely PCL XL)	application/vnd.hp-pclxl	.pclxl	2015/10/09 10:09:57.000000000	F_EMMPER
481	Pcsel eFIF File	application/vnd.picsel	.efif	2015/10/09 10:09:57.000000000	F_EMMPER
482	PCX Image	image/x-pcx	.pcx	2015/10/09 10:09:57.000000000	F_EMMPER
483	Photoshop Document	image/vnd.adobe.photoshop	.psd	2015/10/09 10:09:58.000000000	F_EMMPER
484	PICSRules	application/pics-rules	.prf	2015/10/09 10:09:58.000000000	F_EMMPER
485	PICT Image	image/x-pict	.pic	2015/10/09 10:09:58.000000000	F_EMMPER
486	pIRCh	application/x-chat	.chat	2015/10/09 10:09:58.000000000	F_EMMPER
487	PKCS #10 - Certification Request Standard	application/pkcs10	.p10	2015/10/09 10:09:58.000000000	F_EMMPER
488	PKCS #12 - Personal Information Exchange Syntax Standard	application/x-pkcs12	.p12	2015/10/09 10:09:58.000000000	F_EMMPER
489	PKCS #7 - Cryptographic Message Syntax Standard	application/pkcs7-mime	.p7m	2015/10/09 10:09:58.000000000	F_EMMPER
490	PKCS #7 - Cryptographic Message Syntax Standard	application/pkcs7-signature	.p7s	2015/10/09 10:09:58.000000000	F_EMMPER
491	PKCS #7 - Cryptographic Message Syntax Standard (Certificate Request Response)	application/x-pkcs7-certreqresp	.p7r	2015/10/09 10:09:58.000000000	F_EMMPER
492	PKCS #7 - Cryptographic Message Syntax Standard (Certificates)	application/x-pkcs7-certificates	.p7b	2015/10/09 10:09:58.000000000	F_EMMPER
493	PKCS #8 - Private-Key Information Syntax Standard	application/pkcs8	.p8	2015/10/09 10:09:58.000000000	F_EMMPER
494	PocketLearn Viewers	application/vnd.pocketlearn	.plf	2015/10/09 10:09:58.000000000	F_EMMPER
495	Portable Anymap Image	image/x-portable-anymap	.pnm	2015/10/09 10:09:58.000000000	F_EMMPER
496	Portable Bitmap Format	image/x-portable-bitmap	.pbm	2015/10/09 10:09:58.000000000	F_EMMPER
497	Portable Compiled Format	application/x-font-pcf	.pcf	2015/10/09 10:09:58.000000000	F_EMMPER
498	Portable Font Resource	application/font-tdpfr	.pfr	2015/10/09 10:09:58.000000000	F_EMMPER
499	Portable Game Notation (Chess Games)	application/x-chess-pgn	.pgn	2015/10/09 10:09:58.000000000	F_EMMPER
500	Portable Graymap Format	image/x-portable-graymap	.pgm	2015/10/09 10:09:58.000000000	F_EMMPER
501	Portable Network Graphics (PNG)	image/png	.png	2015/10/09 10:09:58.000000000	F_EMMPER
502	Portable Pixmap Format	image/x-portable-pixmap	.ppm	2015/10/09 10:09:58.000000000	F_EMMPER
503	Portable Symmetric Key Container	application/pskc+xml	.pskcxml	2015/10/09 10:09:58.000000000	F_EMMPER
504	PosML	application/vnd.ctc-posml	.pml	2015/10/09 10:09:58.000000000	F_EMMPER
505	PostScript	application/postscript	.ai	2015/10/09 10:09:58.000000000	F_EMMPER
506	PostScript Fonts	application/x-font-type1	.pfa	2015/10/09 10:09:58.000000000	F_EMMPER
507	PowerBuilder	application/vnd.powerbuilder6	.pbd	2015/10/09 10:09:58.000000000	F_EMMPER
508	Pretty Good Privacy	application/pgp-encrypted		2015/10/09 10:09:58.000000000	F_EMMPER
509	Pretty Good Privacy - Signature	application/pgp-signature	.pgp	2015/10/09 10:09:58.000000000	F_EMMPER
510	Preview Systems ZipLock/VBox	application/vnd.previewsystems.box	.box	2015/10/09 10:09:58.000000000	F_EMMPER
511	Princeton Video Image	application/vnd.pvi.ptid1	.ptid	2015/10/09 10:09:58.000000000	F_EMMPER
512	Pronunciation Lexicon Specification	application/pls+xml	.pls	2015/10/09 10:09:59.000000000	F_EMMPER
513	Proprietary P&G Standard Reporting System	application/vnd.pg.format	.str	2015/10/09 10:09:59.000000000	F_EMMPER
514	Proprietary P&G Standard Reporting System	application/vnd.pg.osasli	.ei6	2015/10/09 10:09:59.000000000	F_EMMPER
515	PRS Lines Tag	text/prs.lines.tag	.dsc	2015/10/09 10:09:59.000000000	F_EMMPER
516	PSF Fonts	application/x-font-linux-psf	.psf	2015/10/09 10:09:59.000000000	F_EMMPER
517	PubliShare Objects	application/vnd.publishare-delta-tree	.qps	2015/10/09 10:09:59.000000000	F_EMMPER
518	Qualcomm's Plaza Mobile Internet	application/vnd.pmi.widget	.wg	2015/10/09 10:09:59.000000000	F_EMMPER
519	QuarkXpress	application/vnd.quark.quarkxpress	.qxd	2015/10/09 10:09:59.000000000	F_EMMPER
520	QUASS Stream Player	application/vnd.epson.esf	.esf	2015/10/09 10:09:59.000000000	F_EMMPER
521	QUASS Stream Player	application/vnd.epson.msf	.msf	2015/10/09 10:09:59.000000000	F_EMMPER
522	QUASS Stream Player	application/vnd.epson.ssf	.ssf	2015/10/09 10:09:59.000000000	F_EMMPER
523	QuickAnime Player	application/vnd.epson.quickanime	.qam	2015/10/09 10:09:59.000000000	F_EMMPER
524	Quicken	application/vnd.intu.qfx	.qfx	2015/10/09 10:09:59.000000000	F_EMMPER
525	Quicktime Video	video/quicktime	.qt	2015/10/09 10:09:59.000000000	F_EMMPER
526	RAR Archive	application/x-rar-compressed	.rar	2015/10/09 10:09:59.000000000	F_EMMPER
527	Real Audio Sound	audio/x-pn-realaudio	.ram	2015/10/09 10:09:59.000000000	F_EMMPER
528	Real Audio Sound	audio/x-pn-realaudio-plugin	.rmp	2015/10/09 10:09:59.000000000	F_EMMPER
529	Really Simple Discovery	application/rsd+xml	.rsd	2015/10/09 10:09:59.000000000	F_EMMPER
530	RealMedia	application/vnd.rn-realmedia	.rm	2015/10/09 10:09:59.000000000	F_EMMPER
531	RealVNC	application/vnd.realvnc.bed	.bed	2015/10/09 10:09:59.000000000	F_EMMPER
532	Recordare Applications	application/vnd.recordare.musicxml	.mxl	2015/10/09 10:09:59.000000000	F_EMMPER
533	Recordare Applications	application/vnd.recordare.musicxml+xml	.musicxml	2015/10/09 10:09:59.000000000	F_EMMPER
534	Relax NG Compact Syntax	application/relax-ng-compact-syntax	.rnc	2015/10/09 10:09:59.000000000	F_EMMPER
535	RemoteDocs R-Viewer	application/vnd.data-vision.rdz	.rdz	2015/10/09 10:09:59.000000000	F_EMMPER
536	Resource Description Framework	application/rdf+xml	.rdf	2015/10/09 10:09:59.000000000	F_EMMPER
537	RetroPlatform Player	application/vnd.cloanto.rp9	.rp9	2015/10/09 10:09:59.000000000	F_EMMPER
538	RhymBox	application/vnd.jisp	.jisp	2015/10/09 10:09:59.000000000	F_EMMPER
539	Rich Text Format	application/rtf	.rtf	2015/10/09 10:10:00.000000000	F_EMMPER
540	Rich Text Format (RTF)	text/richtext	.rtx	2015/10/09 10:10:00.000000000	F_EMMPER
541	ROUTE 66 Location Based Services	application/vnd.route66.link66+xml	.link66	2015/10/09 10:10:00.000000000	F_EMMPER
542	RSS - Really Simple Syndication	application/rss+xml	.rss	2015/10/09 10:10:00.000000000	F_EMMPER
543	RSS - Really Simple Syndication	application/rss+xml	.xml	2015/10/09 10:10:00.000000000	F_EMMPER
544	S Hexdump Format	application/shf+xml	.shf	2015/10/09 10:10:00.000000000	F_EMMPER
545	SailingTracker	application/vnd.sailingtracker.track	.st	2015/10/09 10:10:00.000000000	F_EMMPER
546	Scalable Vector Graphics (SVG)	image/svg+xml	.svg	2015/10/09 10:10:00.000000000	F_EMMPER
547	ScheduleUs	application/vnd.sus-calendar	.sus	2015/10/09 10:10:00.000000000	F_EMMPER
548	Search/Retrieve via URL Response Format	application/sru+xml	.sru	2015/10/09 10:10:00.000000000	F_EMMPER
549	Secure Electronic Transaction - Payment	application/set-payment-initiation	.setpay	2015/10/09 10:10:00.000000000	F_EMMPER
550	Secure Electronic Transaction - Registration	application/set-registration-initiation	.setreg	2015/10/09 10:10:00.000000000	F_EMMPER
551	Secured eMail	application/vnd.sema	.sema	2015/10/09 10:10:00.000000000	F_EMMPER
552	Secured eMail	application/vnd.semd	.semd	2015/10/09 10:10:00.000000000	F_EMMPER
553	Secured eMail	application/vnd.semf	.semf	2015/10/09 10:10:00.000000000	F_EMMPER
554	SeeMail	application/vnd.seemail	.see	2015/10/09 10:10:00.000000000	F_EMMPER
555	Server Normal Format	application/x-font-snf	.snf	2015/10/09 10:10:00.000000000	F_EMMPER
556	Server-Based Certificate Validation Protocol - Validation Policies - Request	application/scvp-vp-request	.spq	2015/10/09 10:10:00.000000000	F_EMMPER
557	Server-Based Certificate Validation Protocol - Validation Policies - Response	application/scvp-vp-response	.spp	2015/10/09 10:10:00.000000000	F_EMMPER
558	Server-Based Certificate Validation Protocol - Validation Request	application/scvp-cv-request	.scq	2015/10/09 10:10:00.000000000	F_EMMPER
559	Server-Based Certificate Validation Protocol - Validation Response	application/scvp-cv-response	.scs	2015/10/09 10:10:00.000000000	F_EMMPER
560	Session Description Protocol	application/sdp	.sdp	2015/10/09 10:10:00.000000000	F_EMMPER
561	Setext	text/x-setext	.etx	2015/10/09 10:10:00.000000000	F_EMMPER
562	SGI Movie	video/x-sgi-movie	.movie	2015/10/09 10:10:00.000000000	F_EMMPER
563	Shana Informed Filler	application/vnd.shana.informed.formdata	.ifm	2015/10/09 10:10:00.000000000	F_EMMPER
564	Shana Informed Filler	application/vnd.shana.informed.formtemplate	.itp	2015/10/09 10:10:00.000000000	F_EMMPER
565	Shana Informed Filler	application/vnd.shana.informed.interchange	.iif	2015/10/09 10:10:00.000000000	F_EMMPER
566	Shana Informed Filler	application/vnd.shana.informed.package	.ipk	2015/10/09 10:10:01.000000000	F_EMMPER
567	Sharing Transaction Fraud Data	application/thraud+xml	.tfi	2015/10/09 10:10:01.000000000	F_EMMPER
568	Shell Archive	application/x-shar	.shar	2015/10/09 10:10:01.000000000	F_EMMPER
569	Silicon Graphics RGB Bitmap	image/x-rgb	.rgb	2015/10/09 10:10:01.000000000	F_EMMPER
570	SimpleAnimeLite Player	application/vnd.epson.salt	.slt	2015/10/09 10:10:01.000000000	F_EMMPER
571	Simply Accounting	application/vnd.accpac.simply.aso	.aso	2015/10/09 10:10:01.000000000	F_EMMPER
572	Simply Accounting - Data Import	application/vnd.accpac.simply.imp	.imp	2015/10/09 10:10:01.000000000	F_EMMPER
573	SimTech MindMapper	application/vnd.simtech-mindmapper	.twd	2015/10/09 10:10:01.000000000	F_EMMPER
574	Sixth Floor Media - CommonSpace	application/vnd.commonspace	.csp	2015/10/09 10:10:01.000000000	F_EMMPER
575	SMAF Audio	application/vnd.yamaha.smaf-audio	.saf	2015/10/09 10:10:01.000000000	F_EMMPER
576	SMAF File	application/vnd.smaf	.mmf	2015/10/09 10:10:01.000000000	F_EMMPER
577	SMAF Phrase	application/vnd.yamaha.smaf-phrase	.spf	2015/10/09 10:10:01.000000000	F_EMMPER
578	SMART Technologies Apps	application/vnd.smart.teacher	.teacher	2015/10/09 10:10:01.000000000	F_EMMPER
579	SourceView Document	application/vnd.svd	.svd	2015/10/09 10:10:01.000000000	F_EMMPER
580	SPARQL - Query	application/sparql-query	.rq	2015/10/09 10:10:01.000000000	F_EMMPER
581	SPARQL - Results	application/sparql-results+xml	.srx	2015/10/09 10:10:01.000000000	F_EMMPER
582	Speech Recognition Grammar Specification	application/srgs	.gram	2015/10/09 10:10:01.000000000	F_EMMPER
583	Speech Recognition Grammar Specification - XML	application/srgs+xml	.grxml	2015/10/09 10:10:01.000000000	F_EMMPER
584	Speech Synthesis Markup Language	application/ssml+xml	.ssml	2015/10/09 10:10:01.000000000	F_EMMPER
585	SSEYO Koan Play File	application/vnd.koan	.skp	2015/10/09 10:10:01.000000000	F_EMMPER
586	Standard Generalized Markup Language (SGML)	text/sgml	.sgml	2015/10/09 10:10:01.000000000	F_EMMPER
587	StarOffice - Calc	application/vnd.stardivision.calc	.sdc	2015/10/09 10:10:01.000000000	F_EMMPER
588	StarOffice - Draw	application/vnd.stardivision.draw	.sda	2015/10/09 10:10:01.000000000	F_EMMPER
589	StarOffice - Impress	application/vnd.stardivision.impress	.sdd	2015/10/09 10:10:01.000000000	F_EMMPER
590	StarOffice - Math	application/vnd.stardivision.math	.smf	2015/10/09 10:10:01.000000000	F_EMMPER
591	StarOffice - Writer	application/vnd.stardivision.writer	.sdw	2015/10/09 10:10:01.000000000	F_EMMPER
592	StarOffice - Writer (Global)	application/vnd.stardivision.writer-global	.sgl	2015/10/09 10:10:01.000000000	F_EMMPER
593	StepMania	application/vnd.stepmania.stepchart	.sm	2015/10/09 10:10:02.000000000	F_EMMPER
594	Stuffit Archive	application/x-stuffit	.sit	2015/10/09 10:10:02.000000000	F_EMMPER
595	Stuffit Archive	application/x-stuffitx	.sitx	2015/10/09 10:10:02.000000000	F_EMMPER
596	SudokuMagic	application/vnd.solent.sdkm+xml	.sdkm	2015/10/09 10:10:02.000000000	F_EMMPER
597	Sugar Linux Application Bundle	application/vnd.olpc-sugar	.xo	2015/10/09 10:10:02.000000000	F_EMMPER
598	Sun Audio - Au file format	audio/basic	.au	2015/10/09 10:10:02.000000000	F_EMMPER
599	SundaHus WQ	application/vnd.wqd	.wqd	2015/10/09 10:10:02.000000000	F_EMMPER
600	Symbian Install Package	application/vnd.symbian.install	.sis	2015/10/09 10:10:02.000000000	F_EMMPER
601	Synchronized Multimedia Integration Language	application/smil+xml	.smi	2015/10/09 10:10:02.000000000	F_EMMPER
602	SyncML	application/vnd.syncml+xml	.xsm	2015/10/09 10:10:02.000000000	F_EMMPER
603	SyncML - Device Management	application/vnd.syncml.dm+wbxml	.bdm	2015/10/09 10:10:02.000000000	F_EMMPER
604	SyncML - Device Management	application/vnd.syncml.dm+xml	.xdm	2015/10/09 10:10:02.000000000	F_EMMPER
605	System V Release 4 CPIO Archive	application/x-sv4cpio	.sv4cpio	2015/10/09 10:10:02.000000000	F_EMMPER
606	System V Release 4 CPIO Checksum Data	application/x-sv4crc	.sv4crc	2015/10/09 10:10:02.000000000	F_EMMPER
607	Systems Biology Markup Language	application/sbml+xml	.sbml	2015/10/09 10:10:02.000000000	F_EMMPER
608	Tab Seperated Values	text/tab-separated-values	.tsv	2015/10/09 10:10:02.000000000	F_EMMPER
609	Tagged Image File Format	image/tiff	.tiff	2015/10/09 10:10:02.000000000	F_EMMPER
610	Tao Intent	application/vnd.tao.intent-module-archive	.tao	2015/10/09 10:10:02.000000000	F_EMMPER
611	Tar File (Tape Archive)	application/x-tar	.tar	2015/10/09 10:10:02.000000000	F_EMMPER
612	Tcl Script	application/x-tcl	.tcl	2015/10/09 10:10:02.000000000	F_EMMPER
613	TeX	application/x-tex	.tex	2015/10/09 10:10:02.000000000	F_EMMPER
614	TeX Font Metric	application/x-tex-tfm	.tfm	2015/10/09 10:10:02.000000000	F_EMMPER
615	Text Encoding and Interchange	application/tei+xml	.tei	2015/10/09 10:10:02.000000000	F_EMMPER
616	Text File	text/plain	.txt	2015/10/09 10:10:02.000000000	F_EMMPER
617	TIBCO Spotfire	application/vnd.spotfire.dxp	.dxp	2015/10/09 10:10:02.000000000	F_EMMPER
618	TIBCO Spotfire	application/vnd.spotfire.sfs	.sfs	2015/10/09 10:10:02.000000000	F_EMMPER
619	Time Stamped Data Envelope	application/timestamped-data	.tsd	2015/10/09 10:10:02.000000000	F_EMMPER
620	TRI Systems Config	application/vnd.trid.tpt	.tpt	2015/10/09 10:10:03.000000000	F_EMMPER
621	Triscape Map Explorer	application/vnd.triscape.mxs	.mxs	2015/10/09 10:10:03.000000000	F_EMMPER
622	troff	text/troff	.t	2015/10/09 10:10:03.000000000	F_EMMPER
623	True BASIC	application/vnd.trueapp	.tra	2015/10/09 10:10:03.000000000	F_EMMPER
624	TrueType Font	application/x-font-ttf	.ttf	2015/10/09 10:10:03.000000000	F_EMMPER
625	Turtle (Terse RDF Triple Language)	text/turtle	.ttl	2015/10/09 10:10:03.000000000	F_EMMPER
626	UMAJIN	application/vnd.umajin	.umj	2015/10/09 10:10:03.000000000	F_EMMPER
627	Unique Object Markup Language	application/vnd.uoml+xml	.uoml	2015/10/09 10:10:03.000000000	F_EMMPER
628	Unity 3d	application/vnd.unity	.unityweb	2015/10/09 10:10:03.000000000	F_EMMPER
629	Universal Forms Description Language	application/vnd.ufdl	.ufd	2015/10/09 10:10:03.000000000	F_EMMPER
630	URI Resolution Services	text/uri-list	.uri	2015/10/09 10:10:03.000000000	F_EMMPER
631	User Interface Quartz - Theme (Symbian)	application/vnd.uiq.theme	.utz	2015/10/09 10:10:03.000000000	F_EMMPER
632	Ustar (Uniform Standard Tape Archive)	application/x-ustar	.ustar	2015/10/09 10:10:03.000000000	F_EMMPER
633	UUEncode	text/x-uuencode	.uu	2015/10/09 10:10:03.000000000	F_EMMPER
634	vCalendar	text/x-vcalendar	.vcs	2015/10/09 10:10:03.000000000	F_EMMPER
635	vCard	text/x-vcard	.vcf	2015/10/09 10:10:03.000000000	F_EMMPER
636	Video CD	application/x-cdlink	.vcd	2015/10/09 10:10:03.000000000	F_EMMPER
637	Viewport+	application/vnd.vsf	.vsf	2015/10/09 10:10:03.000000000	F_EMMPER
638	Virtual Reality Modeling Language	model/vrml	.wrl	2015/10/09 10:10:03.000000000	F_EMMPER
639	VirtualCatalog	application/vnd.vcx	.vcx	2015/10/09 10:10:03.000000000	F_EMMPER
640	Virtue MTS	model/vnd.mts	.mts	2015/10/09 10:10:03.000000000	F_EMMPER
641	Virtue VTU	model/vnd.vtu	.vtu	2015/10/09 10:10:03.000000000	F_EMMPER
642	Visionary	application/vnd.visionary	.vis	2015/10/09 10:10:03.000000000	F_EMMPER
643	Vivo	video/vnd.vivo	.viv	2015/10/09 10:10:03.000000000	F_EMMPER
644	Voice Browser Call Control	application/ccxml+xml,	.ccxml	2015/10/09 10:10:03.000000000	F_EMMPER
645	VoiceXML	application/voicexml+xml	.vxml	2015/10/09 10:10:03.000000000	F_EMMPER
646	WAIS Source	application/x-wais-source	.src	2015/10/09 10:10:03.000000000	F_EMMPER
647	WAP Binary XML (WBXML)	application/vnd.wap.wbxml	.wbxml	2015/10/09 10:10:04.000000000	F_EMMPER
648	WAP Bitamp (WBMP)	image/vnd.wap.wbmp	.wbmp	2015/10/09 10:10:04.000000000	F_EMMPER
649	Waveform Audio File Format (WAV)	audio/x-wav	.wav	2015/10/09 10:10:04.000000000	F_EMMPER
650	Web Distributed Authoring and Versioning	application/davmount+xml	.davmount	2015/10/09 10:10:04.000000000	F_EMMPER
651	Web Open Font Format	application/x-font-woff	.woff	2015/10/09 10:10:04.000000000	F_EMMPER
652	Web Services Policy	application/wspolicy+xml	.wspolicy	2015/10/09 10:10:04.000000000	F_EMMPER
653	WebP Image	image/webp	.webp	2015/10/09 10:10:04.000000000	F_EMMPER
654	WebTurbo	application/vnd.webturbo	.wtb	2015/10/09 10:10:04.000000000	F_EMMPER
655	Widget Packaging and XML Configuration	application/widget	.wgt	2015/10/09 10:10:04.000000000	F_EMMPER
656	WinHelp	application/winhlp	.hlp	2015/10/09 10:10:04.000000000	F_EMMPER
657	Wireless Markup Language (WML)	text/vnd.wap.wml	.wml	2015/10/09 10:10:04.000000000	F_EMMPER
658	Wireless Markup Language Script (WMLScript)	text/vnd.wap.wmlscript	.wmls	2015/10/09 10:10:04.000000000	F_EMMPER
659	WMLScript	application/vnd.wap.wmlscriptc	.wmlsc	2015/10/09 10:10:04.000000000	F_EMMPER
660	Wordperfect	application/vnd.wordperfect	.wpd	2015/10/09 10:10:04.000000000	F_EMMPER
661	Worldtalk	application/vnd.wt.stf	.stf	2015/10/09 10:10:04.000000000	F_EMMPER
662	WSDL - Web Services Description Language	application/wsdl+xml	.wsdl	2015/10/09 10:10:04.000000000	F_EMMPER
663	X BitMap	image/x-xbitmap	.xbm	2015/10/09 10:10:04.000000000	F_EMMPER
664	X PixMap	image/x-xpixmap	.xpm	2015/10/09 10:10:04.000000000	F_EMMPER
665	X Window Dump	image/x-xwindowdump	.xwd	2015/10/09 10:10:04.000000000	F_EMMPER
666	X.509 Certificate	application/x-x509-ca-cert	.der	2015/10/09 10:10:04.000000000	F_EMMPER
667	Xfig	application/x-xfig	.fig	2015/10/09 10:10:04.000000000	F_EMMPER
668	XHTML - The Extensible HyperText Markup Language	application/xhtml+xml	.xhtml	2015/10/09 10:10:04.000000000	F_EMMPER
669	XML - Extensible Markup Language	application/xml	.xml	2015/10/09 10:10:04.000000000	F_EMMPER
670	XML Configuration Access Protocol - XCAP Diff	application/xcap-diff+xml	.xdf	2015/10/09 10:10:04.000000000	F_EMMPER
671	XML Encryption Syntax and Processing	application/xenc+xml	.xenc	2015/10/09 10:10:04.000000000	F_EMMPER
672	XML Patch Framework	application/patch-ops-error+xml	.xer	2015/10/09 10:10:04.000000000	F_EMMPER
673	XML Resource Lists	application/resource-lists+xml	.rl	2015/10/09 10:10:04.000000000	F_EMMPER
674	XML Resource Lists	application/rls-services+xml	.rs	2015/10/09 10:10:05.000000000	F_EMMPER
675	XML Resource Lists Diff	application/resource-lists-diff+xml	.rld	2015/10/09 10:10:05.000000000	F_EMMPER
676	XML Transformations	application/xslt+xml	.xslt	2015/10/09 10:10:05.000000000	F_EMMPER
677	XML-Binary Optimized Packaging	application/xop+xml	.xop	2015/10/09 10:10:05.000000000	F_EMMPER
678	XPInstall - Mozilla	application/x-xpinstall	.xpi	2015/10/09 10:10:05.000000000	F_EMMPER
679	XSPF - XML Shareable Playlist Format	application/xspf+xml	.xspf	2015/10/09 10:10:05.000000000	F_EMMPER
680	XUL - XML User Interface Language	application/vnd.mozilla.xul+xml	.xul	2015/10/09 10:10:05.000000000	F_EMMPER
681	XYZ File Format	chemical/x-xyz	.xyz	2015/10/09 10:10:05.000000000	F_EMMPER
682	YAML Ain't Markup Language / Yet Another Markup Language	text/yaml	.yaml	2015/10/09 10:10:05.000000000	F_EMMPER
683	YANG Data Modeling Language	application/yang	.yang	2015/10/09 10:10:05.000000000	F_EMMPER
684	YIN (YANG - XML)	application/yin+xml	.yin	2015/10/09 10:10:05.000000000	F_EMMPER
685	Z.U.L. Geometry	application/vnd.zul	.zir	2015/10/09 10:10:05.000000000	F_EMMPER
686	Zip Archive	application/zip	.zip	2015/10/09 10:10:05.000000000	F_EMMPER
687	ZVUE Media Manager	application/vnd.handheld-entertainment+xml	.zmm	2015/10/09 10:10:05.000000000	F_EMMPER
688	Zzazz Deck	application/vnd.zzazz.deck+xml	.zaz	2015/10/09 10:10:05.000000000	F_EMMPER
689	Progressive JPEG Image	image/pjpeg	.jpg	2015/10/09 10:10:05.000000000	F_EMMPER
